<?xml version="1.0" encoding="UTF-8" ?>
<module>
    <name>ps_searchbarjqauto</name>
    <displayName><![CDATA[Barra de b&uacute;squeda]]></displayName>
    <version><![CDATA[1.0.0]]></version>
    <description><![CDATA[A&ntilde;ade un bloque con un campo de b&uacute;squeda r&aacute;pida a tu tienda.]]></description>
    <author><![CDATA[Prestarocket]]></author>
    <tab><![CDATA[]]></tab>
    <is_configurable>0</is_configurable>
    <need_instance>0</need_instance>
	<limited_countries></limited_countries>
</module>